Entity,iso3c,Day_max,vacc_per_100_max
Afghanistan,AFG,2023-12-31,56.59291
Albania,ALB,2023-09-10,109.242805
Algeria,DZA,2022-09-04,33.5715
Andorra,AND,2023-09-24,197.02466
Angola,AGO,2023-12-31,78.06682
Anguilla,AIA,2023-12-29,175.07393
Antigua and Barbuda,ATG,2022-09-16,147.02264
Argentina,ARG,2024-01-27,257.6171
Armenia,ARM,2023-10-01,78.341225
Aruba,ABW,2024-03-11,162.26993
Australia,AUS,2023-12-31,265.96994
Austria,AUT,2023-06-30,225.80757
Azerbaijan,AZE,2022-08-28,134.59639
Bahamas,BHS,2023-05-12,92.15559
Bahrain,BHR,2022-12-21,226.71835
Bangladesh,BGD,2024-07-01,213.56247
Barbados,BRB,2023-12-29,136.0313
Belarus,BLR,2023-12-23,248.17184
Belgium,BEL,2024-02-11,270.31345
Belize,BLZ,2023-12-29,126.90687
Benin,BEN,2022-12-18,30.760847
Bermuda,BMU,2023-12-29,211.13907
Bhutan,BTN,2022-10-30,257.57132
Bolivia,BOL,2022-10-07,121.63899
Bonaire Sint Eustatius and Saba,BES,2021-09-01,125.09597
Bosnia and Herzegovina,BIH,2022-01-29,60.064495
Botswana,BWA,2023-12-31,129.99194
Brazil,BRA,2023-12-29,245.46902
British Virgin Islands,VGB,2022-09-16,108.10818
Brunei,BRN,2023-06-30,283.9644
Bulgaria,BGR,2024-06-29,69.24566
Burkina Faso,BFA,2023-07-23,35.068623
Burundi,BDI,2023-12-31,0.317181
Cambodia,KHM,2023-12-31,278.03415
Cameroon,CMR,2023-10-15,17.66226
Canada,CAN,2024-07-24,265.0021
Cape Verde,CPV,2022-09-25,165.45262
Cayman Islands,CYM,2023-12-29,212.4705
Central African Republic,CAF,2023-09-03,65.559494
Chad,TCD,2023-12-31,49.588768
Chile,CHL,2023-12-29,341.96692
China,CHN,2023-04-20,246.76755
Colombia,COL,2023-12-29,175.75339
Comoros,COM,2022-10-02,100.09938
Congo,COG,2022-07-31,13.806052
Cook Islands,COK,2023-02-13,277.03262
Costa Rica,CRI,2023-10-06,267.16968
Cote d'Ivoire,CIV,2023-02-19,83.118706
Croatia,HRV,2023-12-23,139.13292
Cuba,CUB,2024-04-12,415.88147
Curacao,CUW,2023-05-12,140.4492
Cyprus,CYP,2023-12-23,201.15326
Czechia,CZE,2024-07-31,178.45706
Democratic Republic of Congo,COD,2023-06-04,18.368385
Denmark,DNK,2023-09-29,253.46054
Djibouti,DJI,2023-12-31,63.652184
Dominica,DMA,2022-10-07,101.19222
Dominican Republic,DOM,2023-12-29,146.30467
East Timor,TLS,2023-11-22,148.16325
Ecuador,ECU,2023-12-29,222.08992
Egypt,EGY,2023-05-21,100.04909
El Salvador,SLV,2023-12-29,182.46611
Equatorial Guinea,GNQ,2022-07-24,27.098667
Estonia,EST,2024-08-05,160.84238
Eswatini,SWZ,2023-06-04,71.39142
Ethiopia,ETH,2023-05-28,54.916607
Falkland Islands,FLK,2021-04-14,125.37695
Faroe Islands,FRO,2022-02-18,192.25745
Fiji,FJI,2023-05-01,169.14668
Finland,FIN,2024-01-09,239.29619
France,FRA,2023-12-23,238.48257
French Polynesia,PYF,2023-05-01,179.37651
Gabon,GAB,2023-02-05,23.559458
Gambia,GMB,2023-03-19,54.788803
Georgia,GEO,2022-10-13,77.2291
Germany,DEU,2023-12-23,229.81345
Ghana,GHA,2023-07-02,77.30161
Gibraltar,GIB,2022-12-16,352.9271
Greece,GRC,2024-06-26,215.7793
Greenland,GRL,2022-03-14,142.3537
Grenada,GRD,2023-03-17,77.55713
Guatemala,GTM,2023-12-29,114.20672
Guernsey,GGY,2022-12-19,280.048
Guinea,GIN,2023-09-24,85.7303
Guinea-Bissau,GNB,2023-10-15,43.73003
Guyana,GUY,2023-12-29,117.796814
Haiti,HTI,2023-12-29,5.912095
Honduras,HND,2023-08-11,163.17905
Hong Kong,HKG,2024-07-27,281.44434
Hungary,HUN,2022-12-04,172.45674
Iceland,ISL,2023-12-23,237.51314
India,IND,2024-08-12,154.82195
Indonesia,IDN,2023-11-23,160.74275
Iran,IRN,2023-11-26,173.65324
Iraq,IRQ,2023-01-02,44.37739
Ireland,IRL,2024-05-10,218.16542
Isle of Man,IMN,2022-06-23,225.79625
Israel,ISR,2023-12-23,207.09949
Italy,ITA,2023-12-23,252.13652
Jamaica,JAM,2023-12-29,53.85811
Japan,JPN,2023-12-31,346.692
Jersey,JEY,2023-01-29,257.94305
Jordan,JOR,2022-08-21,89.35444
Kazakhstan,KAZ,2023-04-30,191.4467
Kenya,KEN,2023-04-02,43.777615
Kiribati,KIR,2023-02-20,168.5916
Kosovo,XKX,2023-02-12,106.955734
Kuwait,KWT,2023-11-26,180.00209
Kyrgyzstan,KGZ,2023-09-08,52.63721
Laos,LAO,2022-08-11,146.99107
Latvia,LVA,2023-12-23,158.40149
Lebanon,LBN,2022-12-22,101.22213
Lesotho,LSO,2023-03-19,58.575302
Liberia,LBR,2022-12-11,83.01549
Libya,LBY,2023-01-16,51.76162
Liechtenstein,LIE,2023-06-07,188.97955
Lithuania,LTU,2024-08-12,163.47127
Luxembourg,LUX,2023-03-25,210.39543
Macao,MAC,2023-04-13,255.9753
Madagascar,MDG,2023-07-30,10.158808
Malawi,MWI,2023-09-24,41.344086
Malaysia,MYS,2024-08-11,209.41411
Maldives,MDV,2023-05-25,181.59415
Mali,MLI,2023-05-14,25.6693
Malta,MLT,2024-03-19,266.71887
Mauritania,MRT,2023-11-19,83.59661
Mauritius,MUS,2023-07-30,204.99509
Mexico,MEX,2022-10-07,173.51186
Moldova,MDA,2023-12-23,75.430786
Monaco,MCO,2023-12-23,184.67484
Mongolia,MNG,2023-03-17,167.39867
Montenegro,MNE,2022-08-26,110.49719
Montserrat,MSR,2022-12-16,103.19482000000001
Morocco,MAR,2023-05-14,148.38196
Mozambique,MOZ,2023-07-02,107.02658
Myanmar,MMR,2023-08-21,173.88893
Namibia,NAM,2023-11-12,34.81151
Nauru,NRU,2023-02-20,272.03284
Nepal,NPL,2023-11-23,210.75792
Netherlands,NLD,2023-09-29,222.0914
New Caledonia,NCL,2023-05-09,167.41557
New Zealand,NZL,2024-07-28,260.78082
Nicaragua,NIC,2023-08-11,230.40475
Niger,NER,2023-07-30,29.125374
Nigeria,NGA,2023-11-05,59.622444
Niue,NIU,2023-03-04,266.97397
North Macedonia,MKD,2023-05-07,101.236305
Norway,NOR,2023-12-23,238.61334
Oman,OMN,2022-10-25,150.27919
Pakistan,PAK,2023-11-14,139.91515
Palestine,PSE,2022-10-18,70.65744
Panama,PAN,2023-12-29,209.08322
Papua New Guinea,PNG,2023-05-01,7.2300525
Paraguay,PRY,2023-12-29,147.25108
Peru,PER,2023-12-10,273.0736
Philippines,PHL,2023-03-19,166.11964
Poland,POL,2023-12-23,152.751
Portugal,PRT,2023-09-29,271.8114
Qatar,QAT,2023-05-07,263.06897
Romania,ROU,2022-06-11,87.79508
Russia,RUS,2023-09-26,128.70906
Rwanda,RWA,2023-06-04,200.14656
Saint Helena,SHN,2021-05-05,146.99199
Saint Kitts and Nevis,KNA,2022-12-02,137.58961
Saint Lucia,LCA,2022-12-02,68.78139
Saint Vincent and the Grenadines,VCT,2023-04-21,71.9592
Samoa,WSM,2023-04-17,210.47295
San Marino,SMR,2022-05-22,203.25975
Sao Tome and Principe,STP,2023-07-30,116.592064
Saudi Arabia,SAU,2023-04-25,213.00351
Senegal,SEN,2023-12-31,18.028952
Serbia,SRB,2022-06-23,125.67242
Seychelles,SYC,2023-04-09,178.88507
Sierra Leone,SLE,2023-07-30,110.62158
Singapore,SGP,2023-08-29,270.8467
Sint Maarten (Dutch part),SXM,2023-03-31,158.50153
Slovakia,SVK,2023-12-23,131.95915
Slovenia,SVN,2023-12-23,143.17119
Solomon Islands,SLB,2022-10-31,80.14032
Somalia,SOM,2023-07-25,59.29613
South Africa,ZAF,2023-09-24,67.00845
South Korea,KOR,2022-12-12,250.36981
South Sudan,SSD,2023-10-01,39.610542
Spain,ESP,2023-12-23,249.28398
Sri Lanka,LKA,2022-10-30,175.68054
Sudan,SDN,2023-12-31,58.04003
Suriname,SUR,2023-12-29,88.994225
Sweden,SWE,2024-02-26,269.97156
Switzerland,CHE,2023-07-03,192.67935
Syria,SYR,2023-04-18,22.663126
Taiwan,TWN,2023-09-24,291.02765
Tajikistan,TJK,2023-12-23,202.0006
Tanzania,TZA,2023-03-12,60.873608
Thailand,THA,2022-09-30,198.83513
Togo,TGO,2023-11-19,37.659824
Tokelau,TKL,2022-12-05,232.43945
Tonga,TON,2023-06-30,194.88925
Trinidad and Tobago,TTO,2023-12-29,106.432556
Tunisia,TUN,2023-12-31,136.58618
Turkey,TUR,2022-11-22,175.21942
Turkmenistan,TKM,2023-08-06,232.02643
Turks and Caicos Islands,TCA,2023-01-06,161.12625
Tuvalu,TUV,2023-02-01,267.509
Uganda,UGA,2023-05-28,55.81361
Ukraine,UKR,2023-12-23,87.056175
United Arab Emirates,ARE,2022-06-20,243.3299
United Kingdom,GBR,2022-09-04,221.83975
United States,USA,2023-05-09,198.14388
Uruguay,URY,2023-12-29,266.5211
Uzbekistan,UZB,2023-12-23,240.24174
Vanuatu,VUT,2023-02-20,117.11354
Venezuela,VEN,2022-12-07,134.1969
Vietnam,VNM,2023-06-30,267.34592
Wallis and Futuna,WLF,2023-01-23,157.01244
Yemen,YEM,2023-12-10,3.3975828
Zambia,ZMB,2023-12-31,67.56191
Zimbabwe,ZWE,2023-12-31,86.72014
