Entity,iso3c,Day_near,vacc_per_100_near
Afghanistan,AFG,2023-05-03,41.693027
Albania,ALB,2023-05-14,108.94973
Algeria,DZA,2022-09-04,33.5715
Andorra,AND,2023-05-21,197.00835
Angola,AGO,2023-05-07,71.2857
Anguilla,AIA,2023-03-10,173.24321
Antigua and Barbuda,ATG,2022-09-16,147.02264
Argentina,ARG,2023-05-05,254.6388
Armenia,ARM,2023-05-14,74.87284
Aruba,ABW,2023-05-05,162.05191
Australia,AUS,2023-03-24,249.96143
Austria,AUT,2023-05-05,225.74947
Azerbaijan,AZE,2022-08-28,134.59639
Bahamas,BHS,2023-05-12,92.15559
Bahrain,BHR,2022-12-21,226.71835
Bangladesh,BGD,2023-05-06,211.35286
Barbados,BRB,2023-05-05,135.20459
Belarus,BLR,2023-05-14,239.80295
Belgium,BEL,2023-05-05,253.77055
Belize,BLZ,2023-04-21,126.81028
Benin,BEN,2022-12-18,30.760847
Bermuda,BMU,2023-12-29,211.13907
Bhutan,BTN,2022-10-30,257.57132
Bolivia,BOL,2022-10-07,121.63899
Bonaire Sint Eustatius and Saba,BES,2021-09-01,125.09597
Bosnia and Herzegovina,BIH,2022-01-29,60.064495
Botswana,BWA,2023-05-07,129.99194
Brazil,BRA,2023-03-22,231.2989
British Virgin Islands,VGB,2022-09-16,108.10818
Brunei,BRN,2023-04-28,283.718
Bulgaria,BGR,2023-05-05,67.57326
Burkina Faso,BFA,2023-03-19,29.650358
Burundi,BDI,2023-05-07,0.2808852
Cambodia,KHM,2023-05-05,272.7681
Cameroon,CMR,2023-05-07,17.135962
Canada,CAN,2023-05-05,252.04568
Cape Verde,CPV,2022-09-25,165.45262
Cayman Islands,CYM,2023-04-21,212.01524
Central African Republic,CAF,2023-04-30,56.75044
Chad,TCD,2023-05-14,46.316196
Chile,CHL,2023-02-08,320.60934
China,CHN,2023-04-20,246.76755
Colombia,COL,2023-04-07,174.93275
Comoros,COM,2022-10-02,100.09938
Congo,COG,2022-07-31,13.806052
Cook Islands,COK,2023-02-13,277.03262
Costa Rica,CRI,2023-04-21,258.73166
Cote d'Ivoire,CIV,2023-02-19,83.118706
Croatia,HRV,2023-05-07,137.23495
Cuba,CUB,2023-05-05,399.0422
Curacao,CUW,2023-05-12,140.4492
Cyprus,CYP,2023-02-22,191.26498
Czechia,CZE,2023-05-05,174.61319
Democratic Republic of Congo,COD,2023-04-16,16.014336
Denmark,DNK,2023-05-05,253.3389
Djibouti,DJI,2023-04-18,34.535484
Dominica,DMA,2022-10-07,101.19222
Dominican Republic,DOM,2023-04-27,145.06049
East Timor,TLS,2023-05-02,147.30559
Ecuador,ECU,2023-03-31,221.97272
Egypt,EGY,2023-04-25,99.70384
El Salvador,SLV,2022-10-02,179.75488000000001
Equatorial Guinea,GNQ,2022-07-24,27.098667
Estonia,EST,2023-05-05,156.42986
Eswatini,SWZ,2023-05-07,70.04728
Ethiopia,ETH,2023-05-07,43.100986
Falkland Islands,FLK,2021-04-14,125.37695
Faroe Islands,FRO,2022-02-18,192.25745
Fiji,FJI,2023-05-01,169.14668
Finland,FIN,2023-05-03,237.23213
France,FRA,2023-05-05,233.03691
French Polynesia,PYF,2023-05-01,179.37651
Gabon,GAB,2023-02-05,23.559458
Gambia,GMB,2023-03-19,54.788803
Georgia,GEO,2022-10-13,77.2291
Germany,DEU,2023-04-07,228.60042
Ghana,GHA,2023-03-26,67.52579
Gibraltar,GIB,2022-12-16,352.9271
Greece,GRC,2023-05-05,212.45598
Greenland,GRL,2022-03-14,142.3537
Grenada,GRD,2023-03-17,77.55713
Guatemala,GTM,2023-05-12,114.08698
Guernsey,GGY,2022-12-19,280.048
Guinea,GIN,2023-04-02,75.73914
Guinea-Bissau,GNB,2023-04-23,38.484196
Guyana,GUY,2023-02-17,116.85625
Haiti,HTI,2023-04-07,5.2876906
Honduras,HND,2023-06-02,161.52267
Hong Kong,HKG,2023-05-05,278.38638
Hungary,HUN,2022-12-04,172.45674
Iceland,ISL,2023-12-23,237.51314
India,IND,2023-05-05,154.80652
Indonesia,IDN,2023-06-06,160.52612
Iran,IRN,2023-05-03,173.54636
Iraq,IRQ,2023-01-02,44.37739
Ireland,IRL,2023-05-05,217.75464
Isle of Man,IMN,2022-06-23,225.79625
Israel,ISR,2023-05-04,204.86601
Italy,ITA,2023-05-05,242.52943
Jamaica,JAM,2023-05-03,53.710564
Japan,JPN,2023-05-05,306.99634
Jersey,JEY,2023-01-29,257.94305
Jordan,JOR,2022-08-21,89.35444
Kazakhstan,KAZ,2023-04-30,191.4467
Kenya,KEN,2023-04-02,43.777615
Kiribati,KIR,2023-02-20,168.5916
Kosovo,XKX,2023-02-12,106.955734
Kuwait,KWT,2023-05-03,179.97406
Kyrgyzstan,KGZ,2023-05-05,50.058642999999996
Laos,LAO,2022-08-11,146.99107
Latvia,LVA,2023-12-23,158.40149
Lebanon,LBN,2022-12-22,101.22213
Lesotho,LSO,2023-03-19,58.575302
Liberia,LBR,2022-12-11,83.01549
Libya,LBY,2023-01-16,51.76162
Liechtenstein,LIE,2023-05-03,188.96176
Lithuania,LTU,2023-05-05,161.37582
Luxembourg,LUX,2023-03-25,210.39543
Macao,MAC,2023-04-13,255.9753
Madagascar,MDG,2023-05-07,9.660523
Malawi,MWI,2023-05-07,39.450436
Malaysia,MYS,2023-05-05,209.28961
Maldives,MDV,2023-05-07,181.58995
Mali,MLI,2023-05-14,25.6693
Malta,MLT,2023-05-02,261.424
Mauritania,MRT,2023-05-14,83.445984
Mauritius,MUS,2023-05-07,204.92033
Mexico,MEX,2022-10-07,173.51186
Moldova,MDA,2023-05-14,75.259995
Monaco,MCO,2023-12-23,184.67484
Mongolia,MNG,2023-03-17,167.39867
Montenegro,MNE,2022-08-26,110.49719
Montserrat,MSR,2022-12-16,103.19482000000001
Morocco,MAR,2023-05-03,148.38002
Mozambique,MOZ,2023-04-23,90.20492
Myanmar,MMR,2023-05-02,166.40672
Namibia,NAM,2023-05-07,34.267258
Nauru,NRU,2023-02-20,272.03284
Nepal,NPL,2023-05-02,207.79872
Netherlands,NLD,2023-05-05,222.0563
New Caledonia,NCL,2023-05-01,167.40582
New Zealand,NZL,2023-05-02,240.599
Nicaragua,NIC,2023-05-05,227.74101
Niger,NER,2023-03-12,28.995361
Nigeria,NGA,2023-03-19,52.25471
Niue,NIU,2023-03-04,266.97397
North Macedonia,MKD,2023-05-07,101.236305
Norway,NOR,2022-11-13,222.57681
Oman,OMN,2022-10-25,150.27919
Pakistan,PAK,2023-05-03,138.94612
Palestine,PSE,2022-10-18,70.65744
Panama,PAN,2023-05-12,202.0782
Papua New Guinea,PNG,2023-05-01,7.2300525
Paraguay,PRY,2023-05-12,144.15503
Peru,PER,2023-05-05,267.08426
Philippines,PHL,2023-03-19,166.11964
Poland,POL,2023-05-05,151.08115
Portugal,PRT,2023-05-05,271.09616
Qatar,QAT,2023-05-07,263.06897
Romania,ROU,2022-06-11,87.79508
Russia,RUS,2023-05-06,128.23105
Rwanda,RWA,2023-06-04,200.14656
Saint Helena,SHN,2021-05-05,146.99199
Saint Kitts and Nevis,KNA,2022-12-02,137.58961
Saint Lucia,LCA,2022-12-02,68.78139
Saint Vincent and the Grenadines,VCT,2023-04-21,71.9592
Samoa,WSM,2023-04-17,210.47295
San Marino,SMR,2022-05-22,203.25975
Sao Tome and Principe,STP,2023-05-07,116.13871
Saudi Arabia,SAU,2023-04-25,213.00351
Senegal,SEN,2023-05-07,16.635468
Serbia,SRB,2022-06-23,125.67242
Seychelles,SYC,2023-04-09,178.88507
Sierra Leone,SLE,2023-04-30,91.198296
Singapore,SGP,2023-08-29,270.8467
Sint Maarten (Dutch part),SXM,2023-03-31,158.50153
Slovakia,SVK,2023-12-23,131.95915
Slovenia,SVN,2023-12-23,143.17119
Solomon Islands,SLB,2022-10-31,80.14032
Somalia,SOM,2023-04-30,53.04969
South Africa,ZAF,2023-04-30,62.221874
South Korea,KOR,2022-12-12,250.36981
South Sudan,SSD,2023-05-07,39.13285
Spain,ESP,2023-04-26,221.20732
Sri Lanka,LKA,2022-10-30,175.68054
Sudan,SDN,2023-04-02,45.76186
Suriname,SUR,2023-12-29,88.994225
Sweden,SWE,2023-05-08,249.2067
Switzerland,CHE,2023-05-05,192.66025
Syria,SYR,2023-04-18,22.663126
Taiwan,TWN,2023-04-27,289.97873
Tajikistan,TJK,2023-06-04,201.58438
Tanzania,TZA,2023-03-12,60.873608
Thailand,THA,2022-09-30,198.83513
Togo,TGO,2023-05-28,37.469635
Tokelau,TKL,2022-12-05,232.43945
Tonga,TON,2023-04-11,193.43379
Trinidad and Tobago,TTO,2022-09-21,105.68051
Tunisia,TUN,2023-05-03,109.3199
Turkey,TUR,2022-11-22,175.21942
Turkmenistan,TKM,2023-02-05,180.36179
Turks and Caicos Islands,TCA,2023-01-06,161.12625
Tuvalu,TUV,2023-02-01,267.509
Uganda,UGA,2023-05-28,55.81361
Ukraine,UKR,2023-12-23,87.056175
United Arab Emirates,ARE,2022-06-20,243.3299
United Kingdom,GBR,2022-09-04,221.83975
United States,USA,2023-05-05,198.10597
Uruguay,URY,2023-08-12,260.96063
Uzbekistan,UZB,2023-04-16,216.97191
Vanuatu,VUT,2023-02-20,117.11354
Venezuela,VEN,2022-12-07,134.1969
Vietnam,VNM,2023-05-04,267.11963
Wallis and Futuna,WLF,2023-01-23,157.01244
Yemen,YEM,2023-04-18,3.336661
Zambia,ZMB,2023-05-22,66.76057
Zimbabwe,ZWE,2022-10-09,76.063896
