iso3c,Entity,Day_max,vacc_per_100_max,Day_near,vacc_per_100_near,same_day,delta_value,delta_abs,day_diff
TKM,Turkmenistan,2023-08-06,232.02643,2023-02-05,180.36179,FALSE,-51.66463999999999,51.66463999999999,-182
JPN,Japan,2023-12-31,346.692,2023-05-05,306.99634,FALSE,-39.69566000000003,39.69566000000003,-240
DJI,Djibouti,2023-12-31,63.652184,2023-04-18,34.535484,FALSE,-29.1167,29.1167,-257
ESP,Spain,2023-12-23,249.28398,2023-04-26,221.20732,FALSE,-28.076660000000004,28.076660000000004,-241
TUN,Tunisia,2023-12-31,136.58618,2023-05-03,109.3199,FALSE,-27.26628000000001,27.26628000000001,-242
UZB,Uzbekistan,2023-12-23,240.24174,2023-04-16,216.97191,FALSE,-23.269829999999985,23.269829999999985,-251
CHL,Chile,2023-12-29,341.96692,2023-02-08,320.60934,FALSE,-21.35758000000004,21.35758000000004,-324
SWE,Sweden,2024-02-26,269.97156,2023-05-08,249.2067,FALSE,-20.76486,20.76486,-294
NZL,New Zealand,2024-07-28,260.78082,2023-05-02,240.599,FALSE,-20.181820000000016,20.181820000000016,-453
SLE,Sierra Leone,2023-07-30,110.62158,2023-04-30,91.198296,FALSE,-19.423283999999995,19.423283999999995,-91
CUB,Cuba,2024-04-12,415.88147,2023-05-05,399.0422,FALSE,-16.83927,16.83927,-343
MOZ,Mozambique,2023-07-02,107.02658,2023-04-23,90.20492,FALSE,-16.821659999999994,16.821659999999994,-70
BEL,Belgium,2024-02-11,270.31345,2023-05-05,253.77055,FALSE,-16.542900000000003,16.542900000000003,-282
NOR,Norway,2023-12-23,238.61334,2022-11-13,222.57681,FALSE,-16.03653,16.03653,-405
AUS,Australia,2023-12-31,265.96994,2023-03-24,249.96143,FALSE,-16.00851,16.00851,-282
AFG,Afghanistan,2023-12-31,56.59291,2023-05-03,41.693027,FALSE,-14.899883000000003,14.899883000000003,-242
BRA,Brazil,2023-12-29,245.46902,2023-03-22,231.2989,FALSE,-14.170119999999997,14.170119999999997,-282
CAN,Canada,2024-07-24,265.0021,2023-05-05,252.04568,FALSE,-12.95641999999998,12.95641999999998,-446
SDN,Sudan,2023-12-31,58.04003,2023-04-02,45.76186,FALSE,-12.278170000000003,12.278170000000003,-273
ETH,Ethiopia,2023-05-28,54.916607,2023-05-07,43.100986,FALSE,-11.815621,11.815621,-21
ZWE,Zimbabwe,2023-12-31,86.72014,2022-10-09,76.063896,FALSE,-10.656244000000001,10.656244000000001,-448
GIN,Guinea,2023-09-24,85.7303,2023-04-02,75.73914,FALSE,-9.991159999999994,9.991159999999994,-175
CYP,Cyprus,2023-12-23,201.15326,2023-02-22,191.26498,FALSE,-9.88827999999998,9.88827999999998,-304
GHA,Ghana,2023-07-02,77.30161,2023-03-26,67.52579,FALSE,-9.775819999999996,9.775819999999996,-98
ITA,Italy,2023-12-23,252.13652,2023-05-05,242.52943,FALSE,-9.60709,9.60709,-232
CAF,Central African Republic,2023-09-03,65.559494,2023-04-30,56.75044,FALSE,-8.809054000000003,8.809054000000003,-126
CRI,Costa Rica,2023-10-06,267.16968,2023-04-21,258.73166,FALSE,-8.438020000000051,8.438020000000051,-168
BLR,Belarus,2023-12-23,248.17184,2023-05-14,239.80295,FALSE,-8.368889999999993,8.368889999999993,-223
MMR,Myanmar,2023-08-21,173.88893,2023-05-02,166.40672,FALSE,-7.482209999999981,7.482209999999981,-111
NGA,Nigeria,2023-11-05,59.622444,2023-03-19,52.25471,FALSE,-7.367733999999999,7.367733999999999,-231
PAN,Panama,2023-12-29,209.08322,2023-05-12,202.0782,FALSE,-7.005020000000002,7.005020000000002,-231
AGO,Angola,2023-12-31,78.06682,2023-05-07,71.2857,FALSE,-6.781120000000001,6.781120000000001,-238
SOM,Somalia,2023-07-25,59.29613,2023-04-30,53.04969,FALSE,-6.24644,6.24644,-86
PER,Peru,2023-12-10,273.0736,2023-05-05,267.08426,FALSE,-5.989340000000027,5.989340000000027,-219
URY,Uruguay,2023-12-29,266.5211,2023-08-12,260.96063,FALSE,-5.560470000000009,5.560470000000009,-139
FRA,France,2023-12-23,238.48257,2023-05-05,233.03691,FALSE,-5.445660000000004,5.445660000000004,-232
BFA,Burkina Faso,2023-07-23,35.068623,2023-03-19,29.650358,FALSE,-5.418265000000002,5.418265000000002,-126
MLT,Malta,2024-03-19,266.71887,2023-05-02,261.424,FALSE,-5.294870000000003,5.294870000000003,-322
KHM,Cambodia,2023-12-31,278.03415,2023-05-05,272.7681,FALSE,-5.266050000000007,5.266050000000007,-240
GNB,Guinea-Bissau,2023-10-15,43.73003,2023-04-23,38.484196,FALSE,-5.245834000000002,5.245834000000002,-175
ZAF,South Africa,2023-09-24,67.00845,2023-04-30,62.221874,FALSE,-4.786575999999997,4.786575999999997,-147
EST,Estonia,2024-08-05,160.84238,2023-05-05,156.42986,FALSE,-4.412520000000001,4.412520000000001,-458
CZE,Czechia,2024-07-31,178.45706,2023-05-05,174.61319,FALSE,-3.8438700000000097,3.8438700000000097,-453
ARM,Armenia,2023-10-01,78.341225,2023-05-14,74.87284,FALSE,-3.468384999999998,3.468384999999998,-140
GRC,Greece,2024-06-26,215.7793,2023-05-05,212.45598,FALSE,-3.3233199999999954,3.3233199999999954,-418
TCD,Chad,2023-12-31,49.588768,2023-05-14,46.316196,FALSE,-3.272572000000004,3.272572000000004,-231
PRY,Paraguay,2023-12-29,147.25108,2023-05-12,144.15503,FALSE,-3.096049999999991,3.096049999999991,-231
HKG,Hong Kong,2024-07-27,281.44434,2023-05-05,278.38638,FALSE,-3.057960000000037,3.057960000000037,-449
ARG,Argentina,2024-01-27,257.6171,2023-05-05,254.6388,FALSE,-2.97829999999999,2.97829999999999,-267
NPL,Nepal,2023-11-23,210.75792,2023-05-02,207.79872,FALSE,-2.95920000000001,2.95920000000001,-205
SLV,El Salvador,2023-12-29,182.46611,2022-10-02,179.75488000000001,FALSE,-2.711229999999972,2.711229999999972,-453
NIC,Nicaragua,2023-08-11,230.40475,2023-05-05,227.74101,FALSE,-2.6637400000000184,2.6637400000000184,-98
KGZ,Kyrgyzstan,2023-09-08,52.63721,2023-05-05,50.058642999999996,FALSE,-2.5785670000000067,2.5785670000000067,-126
COD,Democratic Republic of Congo,2023-06-04,18.368385,2023-04-16,16.014336,FALSE,-2.354049,2.354049,-49
ISR,Israel,2023-12-23,207.09949,2023-05-04,204.86601,FALSE,-2.2334800000000143,2.2334800000000143,-233
BGD,Bangladesh,2024-07-01,213.56247,2023-05-06,211.35286,FALSE,-2.209609999999998,2.209609999999998,-422
LTU,Lithuania,2024-08-12,163.47127,2023-05-05,161.37582,FALSE,-2.0954499999999996,2.0954499999999996,-465
FIN,Finland,2024-01-09,239.29619,2023-05-03,237.23213,FALSE,-2.0640599999999836,2.0640599999999836,-251
HRV,Croatia,2023-12-23,139.13292,2023-05-07,137.23495,FALSE,-1.897970000000015,1.897970000000015,-230
MWI,Malawi,2023-09-24,41.344086,2023-05-07,39.450436,FALSE,-1.8936499999999938,1.8936499999999938,-140
AIA,Anguilla,2023-12-29,175.07393,2023-03-10,173.24321,FALSE,-1.8307199999999852,1.8307199999999852,-294
BGR,Bulgaria,2024-06-29,69.24566,2023-05-05,67.57326,FALSE,-1.6723999999999961,1.6723999999999961,-421
POL,Poland,2023-12-23,152.751,2023-05-05,151.08115,FALSE,-1.6698499999999967,1.6698499999999967,-232
HND,Honduras,2023-08-11,163.17905,2023-06-02,161.52267,FALSE,-1.6563799999999844,1.6563799999999844,-70
TON,Tonga,2023-06-30,194.88925,2023-04-11,193.43379,FALSE,-1.4554600000000164,1.4554600000000164,-80
SEN,Senegal,2023-12-31,18.028952,2023-05-07,16.635468,FALSE,-1.3934840000000008,1.3934840000000008,-238
SWZ,Eswatini,2023-06-04,71.39142,2023-05-07,70.04728,FALSE,-1.344139999999996,1.344139999999996,-28
DOM,Dominican Republic,2023-12-29,146.30467,2023-04-27,145.06049,FALSE,-1.24418,1.24418,-246
DEU,Germany,2023-12-23,229.81345,2023-04-07,228.60042,FALSE,-1.213029999999975,1.213029999999975,-260
TWN,Taiwan,2023-09-24,291.02765,2023-04-27,289.97873,FALSE,-1.0489200000000096,1.0489200000000096,-150
PAK,Pakistan,2023-11-14,139.91515,2023-05-03,138.94612,FALSE,-0.9690300000000036,0.9690300000000036,-195
GUY,Guyana,2023-12-29,117.796814,2023-02-17,116.85625,FALSE,-0.9405639999999948,0.9405639999999948,-315
TLS,East Timor,2023-11-22,148.16325,2023-05-02,147.30559,FALSE,-0.8576600000000099,0.8576600000000099,-204
BRB,Barbados,2023-12-29,136.0313,2023-05-05,135.20459,FALSE,-0.8267099999999914,0.8267099999999914,-238
COL,Colombia,2023-12-29,175.75339,2023-04-07,174.93275,FALSE,-0.8206399999999974,0.8206399999999974,-266
ZMB,Zambia,2023-12-31,67.56191,2023-05-22,66.76057,FALSE,-0.8013399999999962,0.8013399999999962,-223
TTO,Trinidad and Tobago,2023-12-29,106.432556,2022-09-21,105.68051,FALSE,-0.7520460000000071,0.7520460000000071,-464
PRT,Portugal,2023-09-29,271.8114,2023-05-05,271.09616,FALSE,-0.7152399999999943,0.7152399999999943,-147
HTI,Haiti,2023-12-29,5.912095,2023-04-07,5.2876906,FALSE,-0.6244043999999995,0.6244043999999995,-266
NAM,Namibia,2023-11-12,34.81151,2023-05-07,34.267258,FALSE,-0.5442520000000002,0.5442520000000002,-189
CMR,Cameroon,2023-10-15,17.66226,2023-05-07,17.135962,FALSE,-0.5262980000000006,0.5262980000000006,-161
MDG,Madagascar,2023-07-30,10.158808,2023-05-07,9.660523,FALSE,-0.498285000000001,0.498285000000001,-84
RUS,Russia,2023-09-26,128.70906,2023-05-06,128.23105,FALSE,-0.4780099999999834,0.4780099999999834,-143
SSD,South Sudan,2023-10-01,39.610542,2023-05-07,39.13285,FALSE,-0.47769200000000467,0.47769200000000467,-147
CYM,Cayman Islands,2023-12-29,212.4705,2023-04-21,212.01524,FALSE,-0.45525999999998135,0.45525999999998135,-252
STP,Sao Tome and Principe,2023-07-30,116.592064,2023-05-07,116.13871,FALSE,-0.45335399999999026,0.45335399999999026,-84
TJK,Tajikistan,2023-12-23,202.0006,2023-06-04,201.58438,FALSE,-0.4162199999999814,0.4162199999999814,-202
IRL,Ireland,2024-05-10,218.16542,2023-05-05,217.75464,FALSE,-0.4107800000000168,0.4107800000000168,-371
EGY,Egypt,2023-05-21,100.04909,2023-04-25,99.70384,FALSE,-0.34525000000000716,0.34525000000000716,-26
ALB,Albania,2023-09-10,109.242805,2023-05-14,108.94973,FALSE,-0.29307500000000175,0.29307500000000175,-119
BRN,Brunei,2023-06-30,283.9644,2023-04-28,283.718,FALSE,-0.24639999999999418,0.24639999999999418,-63
VNM,Vietnam,2023-06-30,267.34592,2023-05-04,267.11963,FALSE,-0.22629000000000588,0.22629000000000588,-57
ABW,Aruba,2024-03-11,162.26993,2023-05-05,162.05191,FALSE,-0.21801999999999566,0.21801999999999566,-311
IDN,Indonesia,2023-11-23,160.74275,2023-06-06,160.52612,FALSE,-0.2166300000000092,0.2166300000000092,-170
TGO,Togo,2023-11-19,37.659824,2023-05-28,37.469635,FALSE,-0.19018900000000372,0.19018900000000372,-175
MDA,Moldova,2023-12-23,75.430786,2023-05-14,75.259995,FALSE,-0.17079099999999414,0.17079099999999414,-223
MRT,Mauritania,2023-11-19,83.59661,2023-05-14,83.445984,FALSE,-0.1506260000000026,0.1506260000000026,-189
JAM,Jamaica,2023-12-29,53.85811,2023-05-03,53.710564,FALSE,-0.1475460000000055,0.1475460000000055,-240
NER,Niger,2023-07-30,29.125374,2023-03-12,28.995361,FALSE,-0.1300130000000017,0.1300130000000017,-140
MYS,Malaysia,2024-08-11,209.41411,2023-05-05,209.28961,FALSE,-0.1244999999999834,0.1244999999999834,-464
DNK,Denmark,2023-09-29,253.46054,2023-05-05,253.3389,FALSE,-0.12164000000001352,0.12164000000001352,-147
GTM,Guatemala,2023-12-29,114.20672,2023-05-12,114.08698,FALSE,-0.11974000000000729,0.11974000000000729,-231
ECU,Ecuador,2023-12-29,222.08992,2023-03-31,221.97272,FALSE,-0.11719999999999686,0.11719999999999686,-273
IRN,Iran,2023-11-26,173.65324,2023-05-03,173.54636,FALSE,-0.10688000000001807,0.10688000000001807,-207
BLZ,Belize,2023-12-29,126.90687,2023-04-21,126.81028,FALSE,-0.09658999999999196,0.09658999999999196,-252
MUS,Mauritius,2023-07-30,204.99509,2023-05-07,204.92033,FALSE,-0.07475999999999772,0.07475999999999772,-84
YEM,Yemen,2023-12-10,3.3975828,2023-04-18,3.336661,FALSE,-0.060921800000000026,0.060921800000000026,-236
AUT,Austria,2023-06-30,225.80757,2023-05-05,225.74947,FALSE,-0.058099999999996044,0.058099999999996044,-56
USA,United States,2023-05-09,198.14388,2023-05-05,198.10597,FALSE,-0.03790999999998235,0.03790999999998235,-4
BDI,Burundi,2023-12-31,0.317181,2023-05-07,0.2808852,FALSE,-0.03629579999999999,0.03629579999999999,-238
NLD,Netherlands,2023-09-29,222.0914,2023-05-05,222.0563,FALSE,-0.03509999999999991,0.03509999999999991,-147
KWT,Kuwait,2023-11-26,180.00209,2023-05-03,179.97406,FALSE,-0.02803000000000111,0.02803000000000111,-207
CHE,Switzerland,2023-07-03,192.67935,2023-05-05,192.66025,FALSE,-0.019100000000008777,0.019100000000008777,-59
LIE,Liechtenstein,2023-06-07,188.97955,2023-05-03,188.96176,FALSE,-0.01778999999999087,0.01778999999999087,-35
AND,Andorra,2023-09-24,197.02466,2023-05-21,197.00835,FALSE,-0.016310000000004266,0.016310000000004266,-126
IND,India,2024-08-12,154.82195,2023-05-05,154.80652,FALSE,-0.015429999999980737,0.015429999999980737,-465
NCL,New Caledonia,2023-05-09,167.41557,2023-05-01,167.40582,FALSE,-0.009749999999996817,0.009749999999996817,-8
MDV,Maldives,2023-05-25,181.59415,2023-05-07,181.58995,FALSE,-0.004200000000025739,0.004200000000025739,-18
MAR,Morocco,2023-05-14,148.38196,2023-05-03,148.38002,FALSE,-0.0019399999999905049,0.0019399999999905049,-11
DZA,Algeria,2022-09-04,33.5715,2022-09-04,33.5715,TRUE,0,0,0
ATG,Antigua and Barbuda,2022-09-16,147.02264,2022-09-16,147.02264,TRUE,0,0,0
AZE,Azerbaijan,2022-08-28,134.59639,2022-08-28,134.59639,TRUE,0,0,0
BHS,Bahamas,2023-05-12,92.15559,2023-05-12,92.15559,TRUE,0,0,0
BHR,Bahrain,2022-12-21,226.71835,2022-12-21,226.71835,TRUE,0,0,0
BEN,Benin,2022-12-18,30.760847,2022-12-18,30.760847,TRUE,0,0,0
BMU,Bermuda,2023-12-29,211.13907,2023-12-29,211.13907,TRUE,0,0,0
BTN,Bhutan,2022-10-30,257.57132,2022-10-30,257.57132,TRUE,0,0,0
BOL,Bolivia,2022-10-07,121.63899,2022-10-07,121.63899,TRUE,0,0,0
BES,Bonaire Sint Eustatius and Saba,2021-09-01,125.09597,2021-09-01,125.09597,TRUE,0,0,0
BIH,Bosnia and Herzegovina,2022-01-29,60.064495,2022-01-29,60.064495,TRUE,0,0,0
BWA,Botswana,2023-12-31,129.99194,2023-05-07,129.99194,FALSE,0,0,-238
VGB,British Virgin Islands,2022-09-16,108.10818,2022-09-16,108.10818,TRUE,0,0,0
CPV,Cape Verde,2022-09-25,165.45262,2022-09-25,165.45262,TRUE,0,0,0
CHN,China,2023-04-20,246.76755,2023-04-20,246.76755,TRUE,0,0,0
COM,Comoros,2022-10-02,100.09938,2022-10-02,100.09938,TRUE,0,0,0
COG,Congo,2022-07-31,13.806052,2022-07-31,13.806052,TRUE,0,0,0
COK,Cook Islands,2023-02-13,277.03262,2023-02-13,277.03262,TRUE,0,0,0
CIV,Cote d'Ivoire,2023-02-19,83.118706,2023-02-19,83.118706,TRUE,0,0,0
CUW,Curacao,2023-05-12,140.4492,2023-05-12,140.4492,TRUE,0,0,0
DMA,Dominica,2022-10-07,101.19222,2022-10-07,101.19222,TRUE,0,0,0
GNQ,Equatorial Guinea,2022-07-24,27.098667,2022-07-24,27.098667,TRUE,0,0,0
FLK,Falkland Islands,2021-04-14,125.37695,2021-04-14,125.37695,TRUE,0,0,0
FRO,Faroe Islands,2022-02-18,192.25745,2022-02-18,192.25745,TRUE,0,0,0
FJI,Fiji,2023-05-01,169.14668,2023-05-01,169.14668,TRUE,0,0,0
PYF,French Polynesia,2023-05-01,179.37651,2023-05-01,179.37651,TRUE,0,0,0
GAB,Gabon,2023-02-05,23.559458,2023-02-05,23.559458,TRUE,0,0,0
GMB,Gambia,2023-03-19,54.788803,2023-03-19,54.788803,TRUE,0,0,0
GEO,Georgia,2022-10-13,77.2291,2022-10-13,77.2291,TRUE,0,0,0
GIB,Gibraltar,2022-12-16,352.9271,2022-12-16,352.9271,TRUE,0,0,0
GRL,Greenland,2022-03-14,142.3537,2022-03-14,142.3537,TRUE,0,0,0
GRD,Grenada,2023-03-17,77.55713,2023-03-17,77.55713,TRUE,0,0,0
GGY,Guernsey,2022-12-19,280.048,2022-12-19,280.048,TRUE,0,0,0
HUN,Hungary,2022-12-04,172.45674,2022-12-04,172.45674,TRUE,0,0,0
ISL,Iceland,2023-12-23,237.51314,2023-12-23,237.51314,TRUE,0,0,0
IRQ,Iraq,2023-01-02,44.37739,2023-01-02,44.37739,TRUE,0,0,0
IMN,Isle of Man,2022-06-23,225.79625,2022-06-23,225.79625,TRUE,0,0,0
JEY,Jersey,2023-01-29,257.94305,2023-01-29,257.94305,TRUE,0,0,0
JOR,Jordan,2022-08-21,89.35444,2022-08-21,89.35444,TRUE,0,0,0
KAZ,Kazakhstan,2023-04-30,191.4467,2023-04-30,191.4467,TRUE,0,0,0
KEN,Kenya,2023-04-02,43.777615,2023-04-02,43.777615,TRUE,0,0,0
KIR,Kiribati,2023-02-20,168.5916,2023-02-20,168.5916,TRUE,0,0,0
XKX,Kosovo,2023-02-12,106.955734,2023-02-12,106.955734,TRUE,0,0,0
LAO,Laos,2022-08-11,146.99107,2022-08-11,146.99107,TRUE,0,0,0
LVA,Latvia,2023-12-23,158.40149,2023-12-23,158.40149,TRUE,0,0,0
LBN,Lebanon,2022-12-22,101.22213,2022-12-22,101.22213,TRUE,0,0,0
LSO,Lesotho,2023-03-19,58.575302,2023-03-19,58.575302,TRUE,0,0,0
LBR,Liberia,2022-12-11,83.01549,2022-12-11,83.01549,TRUE,0,0,0
LBY,Libya,2023-01-16,51.76162,2023-01-16,51.76162,TRUE,0,0,0
LUX,Luxembourg,2023-03-25,210.39543,2023-03-25,210.39543,TRUE,0,0,0
MAC,Macao,2023-04-13,255.9753,2023-04-13,255.9753,TRUE,0,0,0
MLI,Mali,2023-05-14,25.6693,2023-05-14,25.6693,TRUE,0,0,0
MEX,Mexico,2022-10-07,173.51186,2022-10-07,173.51186,TRUE,0,0,0
MCO,Monaco,2023-12-23,184.67484,2023-12-23,184.67484,TRUE,0,0,0
MNG,Mongolia,2023-03-17,167.39867,2023-03-17,167.39867,TRUE,0,0,0
MNE,Montenegro,2022-08-26,110.49719,2022-08-26,110.49719,TRUE,0,0,0
MSR,Montserrat,2022-12-16,103.19482000000001,2022-12-16,103.19482000000001,TRUE,0,0,0
NRU,Nauru,2023-02-20,272.03284,2023-02-20,272.03284,TRUE,0,0,0
NIU,Niue,2023-03-04,266.97397,2023-03-04,266.97397,TRUE,0,0,0
MKD,North Macedonia,2023-05-07,101.236305,2023-05-07,101.236305,TRUE,0,0,0
OMN,Oman,2022-10-25,150.27919,2022-10-25,150.27919,TRUE,0,0,0
PSE,Palestine,2022-10-18,70.65744,2022-10-18,70.65744,TRUE,0,0,0
PNG,Papua New Guinea,2023-05-01,7.2300525,2023-05-01,7.2300525,TRUE,0,0,0
PHL,Philippines,2023-03-19,166.11964,2023-03-19,166.11964,TRUE,0,0,0
QAT,Qatar,2023-05-07,263.06897,2023-05-07,263.06897,TRUE,0,0,0
ROU,Romania,2022-06-11,87.79508,2022-06-11,87.79508,TRUE,0,0,0
RWA,Rwanda,2023-06-04,200.14656,2023-06-04,200.14656,TRUE,0,0,0
SHN,Saint Helena,2021-05-05,146.99199,2021-05-05,146.99199,TRUE,0,0,0
KNA,Saint Kitts and Nevis,2022-12-02,137.58961,2022-12-02,137.58961,TRUE,0,0,0
LCA,Saint Lucia,2022-12-02,68.78139,2022-12-02,68.78139,TRUE,0,0,0
VCT,Saint Vincent and the Grenadines,2023-04-21,71.9592,2023-04-21,71.9592,TRUE,0,0,0
WSM,Samoa,2023-04-17,210.47295,2023-04-17,210.47295,TRUE,0,0,0
SMR,San Marino,2022-05-22,203.25975,2022-05-22,203.25975,TRUE,0,0,0
SAU,Saudi Arabia,2023-04-25,213.00351,2023-04-25,213.00351,TRUE,0,0,0
SRB,Serbia,2022-06-23,125.67242,2022-06-23,125.67242,TRUE,0,0,0
SYC,Seychelles,2023-04-09,178.88507,2023-04-09,178.88507,TRUE,0,0,0
SGP,Singapore,2023-08-29,270.8467,2023-08-29,270.8467,TRUE,0,0,0
SXM,Sint Maarten (Dutch part),2023-03-31,158.50153,2023-03-31,158.50153,TRUE,0,0,0
SVK,Slovakia,2023-12-23,131.95915,2023-12-23,131.95915,TRUE,0,0,0
SVN,Slovenia,2023-12-23,143.17119,2023-12-23,143.17119,TRUE,0,0,0
SLB,Solomon Islands,2022-10-31,80.14032,2022-10-31,80.14032,TRUE,0,0,0
KOR,South Korea,2022-12-12,250.36981,2022-12-12,250.36981,TRUE,0,0,0
LKA,Sri Lanka,2022-10-30,175.68054,2022-10-30,175.68054,TRUE,0,0,0
SUR,Suriname,2023-12-29,88.994225,2023-12-29,88.994225,TRUE,0,0,0
SYR,Syria,2023-04-18,22.663126,2023-04-18,22.663126,TRUE,0,0,0
TZA,Tanzania,2023-03-12,60.873608,2023-03-12,60.873608,TRUE,0,0,0
THA,Thailand,2022-09-30,198.83513,2022-09-30,198.83513,TRUE,0,0,0
TKL,Tokelau,2022-12-05,232.43945,2022-12-05,232.43945,TRUE,0,0,0
TUR,Turkey,2022-11-22,175.21942,2022-11-22,175.21942,TRUE,0,0,0
TCA,Turks and Caicos Islands,2023-01-06,161.12625,2023-01-06,161.12625,TRUE,0,0,0
TUV,Tuvalu,2023-02-01,267.509,2023-02-01,267.509,TRUE,0,0,0
UGA,Uganda,2023-05-28,55.81361,2023-05-28,55.81361,TRUE,0,0,0
UKR,Ukraine,2023-12-23,87.056175,2023-12-23,87.056175,TRUE,0,0,0
ARE,United Arab Emirates,2022-06-20,243.3299,2022-06-20,243.3299,TRUE,0,0,0
GBR,United Kingdom,2022-09-04,221.83975,2022-09-04,221.83975,TRUE,0,0,0
VUT,Vanuatu,2023-02-20,117.11354,2023-02-20,117.11354,TRUE,0,0,0
VEN,Venezuela,2022-12-07,134.1969,2022-12-07,134.1969,TRUE,0,0,0
WLF,Wallis and Futuna,2023-01-23,157.01244,2023-01-23,157.01244,TRUE,0,0,0
