"flagCode","country","MedianWealthCountries_2022","MeanWealthCountries_2022","GiniCoefficientByCountry","GiniCoefficientByCountryMostRecentUpdateYear"
"IS","Iceland",375735,457795,26.6,2018
"LU","Luxembourg",350271,657564,34.1,2022
"AU","Australia",273903,550110,34.3,2018
"BE","Belgium",267887,381114,26.4,2022
"NZ","New Zealand",231257,472153,,
"HK","Hong Kong",202376,552930,,
"DK","Denmark",171175,426494,29.3,2022
"CH","Switzerland",168084,696604,33.8,2021
"CA","Canada",151248,409297,29.9,2020
"NL","Netherlands",142994,400828,25.7,2021
"GB","United Kingdom",141552,309375,32.4,2021
"FR","France",139169,322074,31.2,2022
"NO","Norway",132482,334432,26.9,2022
"JP","Japan",119999,245238,32.3,2020
"TW","Taiwan",113938,297864,33.9,2023
"IT","Italy",112138,231323,33.7,2022
"ES","Spain",104163,222888,33.6,2022
"QA","Qatar",100014,183106,35.1,2017
"MT","Malta",97524,162581,34.6,2022
"SE","Sweden",95051,381968,31.6,2022
"US","United States",93271,579051,41.8,2023
"KR","South Korea",93141,237644,32.9,2021
"SG","Singapore",93133,358204,45.8,2016
"IL","Israel",92426,273417,37.9,2021
"IE","Ireland",91591,251337,29.9,2022
"FI","Finland",80152,186208,27.9,2022
"AT","Austria",75075,250125,30.9,2022
"PT","Portugal",66029,154377,36.3,2022
"SI","Slovenia",60956,107476,24.3,2022
"DE","Germany",60633,256985,32.4,2020
"GR","Greece",55016,108300,33.4,2022
"SK","Slovakia",41935,63493,24.1,2022
"LA","Laos",41897,87270,38.8,2018
"ME","Montenegro",40163,75759,34.3,2021
"EE","Estonia",38935,77360,32.3,2022
"CY","Cyprus",37381,149824,31.5,2022
"HR","Croatia",33240,68272,30,2022
"HU","Hungary",31095,70668,30.2,2022
"MU","Mauritius",29296,65031,36.8,2017
"LT","Lithuania",28407,63508,36.6,2022
"CN","China",28258,76639,35.7,2021
"LV","Latvia",24748,75734,33.7,2022
"BB","Barbados",24653,70807,34.1,2016
"SC","Seychelles",23190,57619,32.1,2018
"AE","United Arab Emirates",23055,122841,26.4,2018
"CZ","Czech Republic",22958,82240,25.9,2022
"UY","Uruguay",22519,57726,40.9,2023
"BG","Bulgaria",21381,43631,38.2,2022
"TT","Trinidad and Tobago",21049,49567,40.2,1992
"RO","Romania",20389,42351,32.3,2022
"SA","Saudi Arabia",19323,84407,,
"CL","Chile",18820,54639,43,2022
"KZ","Kazakhstan",18321,42559,29.2,2021
"BH","Bahrain",17640,98031,,
"AL","Albania",17613,35529,29.4,2020
"PL","Poland",16640,50426,28.9,2022
"GD","Grenada",16222,52618,43.8,2018
"AW","Aruba",16100,52221,,
"CR","Costa Rica",15957,45677,45.8,2024
"BA","Bosnia and Herzegovina",15938,33122,33,2011
"MX","Mexico",15684,48138,43.5,2022
"TO","Tonga",15409,44014,27.1,2021
"RS","Serbia",14877,32816,32.8,2022
"BY","Belarus",13889,26221,24.4,2020
"PA","Panama",13556,49935,48.9,2023
"IR","Iran",12968,39093,35.9,2023
"JO","Jordan",11280,30814,33.7,2010
"VE","Venezuela",10948,28243,44.7,2006
"DM","Dominica",10885,35307,,
"SV","El Salvador",10122,38523,39.8,2023
"LK","Sri Lanka",9813,27040,37.7,2019
"BN","Brunei",9619,57419,,
"OM","Oman",9343,40962,,
"TM","Turkmenistan",9168,20588,40.8,1998
"MD","Moldova",9095,18392,25.9,2022
"AM","Armenia",8883,21802,27.2,2023
"TH","Thailand",8662,24638,33.5,2023
"LC","Saint Lucia",8407,27268,51.2,2016
"MY","Malaysia",8023,27078,40.7,2021
"IQ","Iraq",7428,16919,29.8,2023
"EG","Egypt",7426,23134,28.5,2021
"TN","Tunisia",7384,20981,33.7,2021
"BS","Bahamas",7376,60263,,
"RU","Russia",6919,34005,35.1,2021
"MV","Maldives",6823,21459,29.3,2019
"AZ","Azerbaijan",6732,15953,26.6,2005
"JM","Jamaica",6712,21712,39.9,2021
"FJ","Fiji",6630,20518,30.7,2019
"GA","Gabon",6353,18647,38,2017
"GQ","Equatorial Guinea",6326,24769,38.4,2022
"PE","Peru",6148,20940,40.7,2023
"WS","Samoa",6090,17396,38.7,2013
"EC","Ecuador",5979,20539,44.6,2023
"TR","Turkey",5964,19496,44.5,2022
"AG","Antigua and Barbuda",5962,19338,,
"VC","Saint Vincent and the Grenadines",5823,18887,,
"NA","Namibia",5311,22369,59.1,2015
"ZA","South Africa",5252,24601,63,2014
"ID","Indonesia",5030,18534,34.9,2024
"VN","Vietnam",4987,14246,36.1,2022
"UA","Ukraine",4987,19742,25.6,2020
"VU","Vanuatu",4953,16374,32.3,2019
"CO","Colombia",4866,17079,53.9,2023
"GY","Guyana",4848,14389,45.1,1998
"GE","Georgia",4774,15673,34.8,2023
"SB","Solomon Islands",4718,15596,37.1,2012
"BW","Botswana",4357,19388,54.9,2015
"MA","Morocco",4226,15164,39.5,2013
"PY","Paraguay",3937,12078,44.4,2023
"BO","Bolivia",3928,14098,42.1,2023
"KE","Kenya",3863,12987,38.7,2021
"LY","Libya",3830,9732,,
"BR","Brazil",3743,21429,51.6,2023
"BD","Bangladesh",3680,9490,33.4,2022
"NI","Nicaragua",3606,13523,46.2,2014
"IN","India",3457,15535,25.5,2022
"MM","Myanmar",3364,7112,30.7,2017
"AR","Argentina",3263,10446,42.4,2023
"TL","Timor-Leste",3257,5849,28.7,2014
"ZW","Zimbabwe",3164,9791,50.3,2020
"BZ","Belize",3017,11295,39.9,2018
"GH","Ghana",2962,7604,43.5,2016
"MN","Mongolia",2902,7310,31.4,2022
"PH","Philippines",2772,14502,39.3,2023
"DZ","Algeria",2552,10141,27.6,2011
"PK","Pakistan",2518,6237,29.6,2018
"KW","Kuwait",2456,6276,,
"PG","Papua New Guinea",2282,8449,41.9,2009
"KH","Cambodia",2196,6270,,
"ST","Sao Tome and Principe",1987,4610,40.7,2017
"TJ","Tajikistan",1938,4597,34,2015
"LR","Liberia",1740,5259,35.3,2016
"NG","Nigeria",1722,7618,35.1,2018
"YE","Yemen",1697,7808,36.7,2014
"ET","Ethiopia",1690,3861,31.1,2021
"SN","Senegal",1675,5001,36.2,2021
"TZ","Tanzania",1671,4260,40.5,2018
"KG","Kyrgyzstan",1664,7916,26.4,2022
"SR","Suriname",1547,8060,39.2,2022
"NP","Nepal",1448,4189,30,2022
"KM","Comoros",1397,6062,45.3,2014
"RW","Rwanda",1231,4179,43.7,2016
"GN","Guinea",1221,3935,29.6,2018
"ER","Eritrea",1199,3113,,
"DJ","Djibouti",1169,3755,41.6,2017
"AO","Angola",1162,3701,51.3,2018
"MR","Mauritania",1127,2938,32,2019
"AF","Afghanistan",1028,2139,,
"CM","Cameroon",989,3490,42.2,2021
"BJ","Benin",924,2976,34.4,2021
"ML","Mali",862,2629,35.7,2021
"GM","Gambia",732,2942,38.8,2020
"GW","Guinea-Bissau",693,1896,33.4,2021
"UG","Uganda",664,2387,42.7,2019
"ZM","Zambia",653,3084,51.5,2022
"MG","Madagascar",618,2118,42.5,2012
"MW","Malawi",601,2378,38.5,2019
"NE","Niger",565,1420,32.9,2021
"SY","Syria",556,1562,26.6,2022
"BF","Burkina Faso",521,1618,37.4,2021
"TD","Chad",503,1372,37.4,2022
"TG","Togo",488,1518,37.9,2021
"HT","Haiti",483,1358,41.1,2012
"MZ","Mozambique",469,1117,50.3,2019
"CG","Republic of the Congo",447,1841,48.9,2011
"CD","DR Congo",407,1438,44.7,2020
"BI","Burundi",360,809,37.5,2020
"LS","Lesotho",353,1724,44.9,2017
"SL","Sierra Leone",352,799,35.7,2018
"CF","Central African Republic",277,980,43,2021
"SD","Sudan",,,34.2,2014
"UZ","Uzbekistan",,,34.5,2023
"CI","Ivory Coast",,,35.3,2021
"GT","Guatemala",,,45.2,2023
"SS","South Sudan",,,44,2016
"DO","Dominican Republic",,,38.4,2023
"HN","Honduras",,,46.8,2023
"LB","Lebanon",,,31.8,2011
"PS","Palestine",,,36.4,2023
"MK","North Macedonia",,,33.5,2019
"SZ","Eswatini",,,54.6,2016
"BT","Bhutan",,,28.5,2022
"CV","Cape Verde",,,42.4,2015
"KI","Kiribati",,,27.8,2019
"FM","Micronesia",,,40.1,2013
"MH","Marshall Islands",,,35.5,2019
"NR","Nauru",,,32.4,2012
"TV","Tuvalu",,,39.1,2010