Country Name,Country Code,Series Name,Series Code,2020 [YR2020]
Albania,ALB,Domestic comprehensive wealth index (current US$),NW.DOW.TO.CD,99570131444.2482
Angola,AGO,Domestic comprehensive wealth index (current US$),NW.DOW.TO.CD,600415373937.665
Argentina,ARG,Domestic comprehensive wealth index (current US$),NW.DOW.TO.CD,3175280015820.97
Armenia,ARM,Domestic comprehensive wealth index (current US$),NW.DOW.TO.CD,102741926632.62
Australia,AUS,Domestic comprehensive wealth index (current US$),NW.DOW.TO.CD,21903443785789.3
Austria,AUT,Domestic comprehensive wealth index (current US$),NW.DOW.TO.CD,4242322622759.28
Azerbaijan,AZE,Domestic comprehensive wealth index (current US$),NW.DOW.TO.CD,150773688280.437
Bahrain,BHR,Domestic comprehensive wealth index (current US$),NW.DOW.TO.CD,174362635043.812
Bangladesh,BGD,Domestic comprehensive wealth index (current US$),NW.DOW.TO.CD,2521179964982.11
Belarus,BLR,Domestic comprehensive wealth index (current US$),NW.DOW.TO.CD,497473460558.829
Belgium,BEL,Domestic comprehensive wealth index (current US$),NW.DOW.TO.CD,4993102012430.94
Belize,BLZ,Domestic comprehensive wealth index (current US$),NW.DOW.TO.CD,15082600351.6965
Benin,BEN,Domestic comprehensive wealth index (current US$),NW.DOW.TO.CD,264602917357.545
Bolivia,BOL,Domestic comprehensive wealth index (current US$),NW.DOW.TO.CD,335967873560.637
Bosnia and Herzegovina,BIH,Domestic comprehensive wealth index (current US$),NW.DOW.TO.CD,135607914815.211
Botswana,BWA,Domestic comprehensive wealth index (current US$),NW.DOW.TO.CD,100470177031.994
Brazil,BRA,Domestic comprehensive wealth index (current US$),NW.DOW.TO.CD,15346242666167.1
Bulgaria,BGR,Domestic comprehensive wealth index (current US$),NW.DOW.TO.CD,379627541746.524
Burkina Faso,BFA,Domestic comprehensive wealth index (current US$),NW.DOW.TO.CD,212654923671.683
Burundi,BDI,Domestic comprehensive wealth index (current US$),NW.DOW.TO.CD,70129865672.5397
Cambodia,KHM,Domestic comprehensive wealth index (current US$),NW.DOW.TO.CD,266161484846.227
Cameroon,CMR,Domestic comprehensive wealth index (current US$),NW.DOW.TO.CD,558141101254.733
Canada,CAN,Domestic comprehensive wealth index (current US$),NW.DOW.TO.CD,21038024941772.5
Central African Republic,CAF,Domestic comprehensive wealth index (current US$),NW.DOW.TO.CD,30884865630.8946
Chad,TCD,Domestic comprehensive wealth index (current US$),NW.DOW.TO.CD,114734882193.768
Chile,CHL,Domestic comprehensive wealth index (current US$),NW.DOW.TO.CD,2717020788616.09
China,CHN,Domestic comprehensive wealth index (current US$),NW.DOW.TO.CD,116826444854739
Colombia,COL,Domestic comprehensive wealth index (current US$),NW.DOW.TO.CD,2577051466411.11
Comoros,COM,Domestic comprehensive wealth index (current US$),NW.DOW.TO.CD,10870407130.8084
"Congo, Dem. Rep.",COD,Domestic comprehensive wealth index (current US$),NW.DOW.TO.CD,891167058470.415
"Congo, Rep.",COG,Domestic comprehensive wealth index (current US$),NW.DOW.TO.CD,189115841349.591
Costa Rica,CRI,Domestic comprehensive wealth index (current US$),NW.DOW.TO.CD,625607443074.414
Cote d'Ivoire,CIV,Domestic comprehensive wealth index (current US$),NW.DOW.TO.CD,736520196264.956
Croatia,HRV,Domestic comprehensive wealth index (current US$),NW.DOW.TO.CD,407931443458.233
Czechia,CZE,Domestic comprehensive wealth index (current US$),NW.DOW.TO.CD,2164119472891.45
Denmark,DNK,Domestic comprehensive wealth index (current US$),NW.DOW.TO.CD,4292868383810.09
Djibouti,DJI,Domestic comprehensive wealth index (current US$),NW.DOW.TO.CD,15548747669.3045
Dominican Republic,DOM,Domestic comprehensive wealth index (current US$),NW.DOW.TO.CD,621130000726.953
Ecuador,ECU,Domestic comprehensive wealth index (current US$),NW.DOW.TO.CD,1063425674502.95
"Egypt, Arab Rep.",EGY,Domestic comprehensive wealth index (current US$),NW.DOW.TO.CD,2262122651411.25
El Salvador,SLV,Domestic comprehensive wealth index (current US$),NW.DOW.TO.CD,167182726923.569
Estonia,EST,Domestic comprehensive wealth index (current US$),NW.DOW.TO.CD,275815616191.717
Eswatini,SWZ,Domestic comprehensive wealth index (current US$),NW.DOW.TO.CD,38039655784.22
Ethiopia,ETH,Domestic comprehensive wealth index (current US$),NW.DOW.TO.CD,1587059622123.62
Finland,FIN,Domestic comprehensive wealth index (current US$),NW.DOW.TO.CD,2887414395596.82
France,FRA,Domestic comprehensive wealth index (current US$),NW.DOW.TO.CD,32094938516618.5
Gabon,GAB,Domestic comprehensive wealth index (current US$),NW.DOW.TO.CD,97614419098.8995
"Gambia, The",GMB,Domestic comprehensive wealth index (current US$),NW.DOW.TO.CD,11904902225.5784
Georgia,GEO,Domestic comprehensive wealth index (current US$),NW.DOW.TO.CD,85632517282.6347
Germany,DEU,Domestic comprehensive wealth index (current US$),NW.DOW.TO.CD,47780900079481.3
Ghana,GHA,Domestic comprehensive wealth index (current US$),NW.DOW.TO.CD,869791653250.439
Greece,GRC,Domestic comprehensive wealth index (current US$),NW.DOW.TO.CD,1379624122090.7
Guatemala,GTM,Domestic comprehensive wealth index (current US$),NW.DOW.TO.CD,608248644748.124
Guinea,GIN,Domestic comprehensive wealth index (current US$),NW.DOW.TO.CD,160371403536.129
Guinea-Bissau,GNB,Domestic comprehensive wealth index (current US$),NW.DOW.TO.CD,25061387860.3528
Guyana,GUY,Domestic comprehensive wealth index (current US$),NW.DOW.TO.CD,73671183742.9988
Haiti,HTI,Domestic comprehensive wealth index (current US$),NW.DOW.TO.CD,106854042273.311
Honduras,HND,Domestic comprehensive wealth index (current US$),NW.DOW.TO.CD,222636126618.866
Hungary,HUN,Domestic comprehensive wealth index (current US$),NW.DOW.TO.CD,1177190233362.09
Iceland,ISL,Domestic comprehensive wealth index (current US$),NW.DOW.TO.CD,341779018325.437
India,IND,Domestic comprehensive wealth index (current US$),NW.DOW.TO.CD,22527013602132.6
Indonesia,IDN,Domestic comprehensive wealth index (current US$),NW.DOW.TO.CD,7202874053168.66
"Iran, Islamic Rep.",IRN,Domestic comprehensive wealth index (current US$),NW.DOW.TO.CD,3165384396400.95
Iraq,IRQ,Domestic comprehensive wealth index (current US$),NW.DOW.TO.CD,1867679728278.16
Ireland,IRL,Domestic comprehensive wealth index (current US$),NW.DOW.TO.CD,2745033038584.12
Israel,ISR,Domestic comprehensive wealth index (current US$),NW.DOW.TO.CD,4117375445631.87
Italy,ITA,Domestic comprehensive wealth index (current US$),NW.DOW.TO.CD,14842413806492.2
Jamaica,JAM,Domestic comprehensive wealth index (current US$),NW.DOW.TO.CD,162325486203.732
Japan,JPN,Domestic comprehensive wealth index (current US$),NW.DOW.TO.CD,62411262354976.4
Jordan,JOR,Domestic comprehensive wealth index (current US$),NW.DOW.TO.CD,202798365335.485
Kazakhstan,KAZ,Domestic comprehensive wealth index (current US$),NW.DOW.TO.CD,1088852877083.97
Kenya,KEN,Domestic comprehensive wealth index (current US$),NW.DOW.TO.CD,1148188928105.48
"Korea, Rep.",KOR,Domestic comprehensive wealth index (current US$),NW.DOW.TO.CD,13546210900040.5
Kuwait,KWT,Domestic comprehensive wealth index (current US$),NW.DOW.TO.CD,414337811731.955
Kyrgyz Republic,KGZ,Domestic comprehensive wealth index (current US$),NW.DOW.TO.CD,75762277932.9183
Lao PDR,LAO,Domestic comprehensive wealth index (current US$),NW.DOW.TO.CD,239530315377.742
Latvia,LVA,Domestic comprehensive wealth index (current US$),NW.DOW.TO.CD,324019341571.504
Lebanon,LBN,Domestic comprehensive wealth index (current US$),NW.DOW.TO.CD,206505808517.182
Lesotho,LSO,Domestic comprehensive wealth index (current US$),NW.DOW.TO.CD,20066989889.9094
Liberia,LBR,Domestic comprehensive wealth index (current US$),NW.DOW.TO.CD,65353014304.6616
Lithuania,LTU,Domestic comprehensive wealth index (current US$),NW.DOW.TO.CD,436237797090.48
Luxembourg,LUX,Domestic comprehensive wealth index (current US$),NW.DOW.TO.CD,579140984606.111
Madagascar,MDG,Domestic comprehensive wealth index (current US$),NW.DOW.TO.CD,187532616601.119
Malawi,MWI,Domestic comprehensive wealth index (current US$),NW.DOW.TO.CD,220889303657.71
Malaysia,MYS,Domestic comprehensive wealth index (current US$),NW.DOW.TO.CD,2750398857903.54
Maldives,MDV,Domestic comprehensive wealth index (current US$),NW.DOW.TO.CD,31083139590.0997
Mali,MLI,Domestic comprehensive wealth index (current US$),NW.DOW.TO.CD,301164390988.529
Malta,MLT,Domestic comprehensive wealth index (current US$),NW.DOW.TO.CD,121811915582.481
Mauritania,MRT,Domestic comprehensive wealth index (current US$),NW.DOW.TO.CD,88562595156.0102
Mauritius,MUS,Domestic comprehensive wealth index (current US$),NW.DOW.TO.CD,66592940475.8641
Mexico,MEX,Domestic comprehensive wealth index (current US$),NW.DOW.TO.CD,8151734096746.96
Moldova,MDA,Domestic comprehensive wealth index (current US$),NW.DOW.TO.CD,47991255639.9534
Mongolia,MNG,Domestic comprehensive wealth index (current US$),NW.DOW.TO.CD,125236875484.411
Montenegro,MNE,Domestic comprehensive wealth index (current US$),NW.DOW.TO.CD,23776710314.9115
Morocco,MAR,Domestic comprehensive wealth index (current US$),NW.DOW.TO.CD,777855849502.691
Mozambique,MOZ,Domestic comprehensive wealth index (current US$),NW.DOW.TO.CD,240664147185.241
Namibia,NAM,Domestic comprehensive wealth index (current US$),NW.DOW.TO.CD,105572025146.502
Nepal,NPL,Domestic comprehensive wealth index (current US$),NW.DOW.TO.CD,374027360688.758
Netherlands,NLD,Domestic comprehensive wealth index (current US$),NW.DOW.TO.CD,10347920888247
New Zealand,NZL,Domestic comprehensive wealth index (current US$),NW.DOW.TO.CD,3142106146663.38
Nicaragua,NIC,Domestic comprehensive wealth index (current US$),NW.DOW.TO.CD,132006791513.665
Niger,NER,Domestic comprehensive wealth index (current US$),NW.DOW.TO.CD,192410004494.664
Nigeria,NGA,Domestic comprehensive wealth index (current US$),NW.DOW.TO.CD,3973048263624.19
North Macedonia,MKD,Domestic comprehensive wealth index (current US$),NW.DOW.TO.CD,79504209146.2164
Norway,NOR,Domestic comprehensive wealth index (current US$),NW.DOW.TO.CD,4834479655763.26
Oman,OMN,Domestic comprehensive wealth index (current US$),NW.DOW.TO.CD,555886787778.952
Pakistan,PAK,Domestic comprehensive wealth index (current US$),NW.DOW.TO.CD,2493942894638.52
Panama,PAN,Domestic comprehensive wealth index (current US$),NW.DOW.TO.CD,409054894106.657
Papua New Guinea,PNG,Domestic comprehensive wealth index (current US$),NW.DOW.TO.CD,335842689387.095
Paraguay,PRY,Domestic comprehensive wealth index (current US$),NW.DOW.TO.CD,375101563523.034
Peru,PER,Domestic comprehensive wealth index (current US$),NW.DOW.TO.CD,1919642869689.17
Philippines,PHL,Domestic comprehensive wealth index (current US$),NW.DOW.TO.CD,2798940518186.43
Poland,POL,Domestic comprehensive wealth index (current US$),NW.DOW.TO.CD,4448877102386.4
Portugal,PRT,Domestic comprehensive wealth index (current US$),NW.DOW.TO.CD,1850179196588.44
Qatar,QAT,Domestic comprehensive wealth index (current US$),NW.DOW.TO.CD,1497995186791.26
Romania,ROU,Domestic comprehensive wealth index (current US$),NW.DOW.TO.CD,1517208984210.29
Russian Federation,RUS,Domestic comprehensive wealth index (current US$),NW.DOW.TO.CD,16125032537199.8
Rwanda,RWA,Domestic comprehensive wealth index (current US$),NW.DOW.TO.CD,147939911601.798
Sao Tome and Principe,STP,Domestic comprehensive wealth index (current US$),NW.DOW.TO.CD,5216376968.59621
Saudi Arabia,SAU,Domestic comprehensive wealth index (current US$),NW.DOW.TO.CD,2945322508812.18
Senegal,SEN,Domestic comprehensive wealth index (current US$),NW.DOW.TO.CD,273083152340.13
Serbia,SRB,Domestic comprehensive wealth index (current US$),NW.DOW.TO.CD,308227329396.168
Sierra Leone,SLE,Domestic comprehensive wealth index (current US$),NW.DOW.TO.CD,76345857937.139
Singapore,SGP,Domestic comprehensive wealth index (current US$),NW.DOW.TO.CD,2762544803673.09
Slovak Republic,SVK,Domestic comprehensive wealth index (current US$),NW.DOW.TO.CD,804289802092.034
Slovenia,SVN,Domestic comprehensive wealth index (current US$),NW.DOW.TO.CD,501971232113.466
Solomon Islands,SLB,Domestic comprehensive wealth index (current US$),NW.DOW.TO.CD,26194032862.0796
South Africa,ZAF,Domestic comprehensive wealth index (current US$),NW.DOW.TO.CD,2578943969609.74
Spain,ESP,Domestic comprehensive wealth index (current US$),NW.DOW.TO.CD,10711714150741.4
Sri Lanka,LKA,Domestic comprehensive wealth index (current US$),NW.DOW.TO.CD,436209944107.529
St. Lucia,LCA,Domestic comprehensive wealth index (current US$),NW.DOW.TO.CD,14535643793.3598
Sudan,SDN,Domestic comprehensive wealth index (current US$),NW.DOW.TO.CD,394800238126.379
Suriname,SUR,Domestic comprehensive wealth index (current US$),NW.DOW.TO.CD,45526391570.6012
Sweden,SWE,Domestic comprehensive wealth index (current US$),NW.DOW.TO.CD,6984321766378.13
Switzerland,CHE,Domestic comprehensive wealth index (current US$),NW.DOW.TO.CD,10105002082620.8
Tajikistan,TJK,Domestic comprehensive wealth index (current US$),NW.DOW.TO.CD,128230122701.721
Tanzania,TZA,Domestic comprehensive wealth index (current US$),NW.DOW.TO.CD,808562314702.682
Thailand,THA,Domestic comprehensive wealth index (current US$),NW.DOW.TO.CD,4507800015367.4
Togo,TGO,Domestic comprehensive wealth index (current US$),NW.DOW.TO.CD,153539628786.943
Trinidad and Tobago,TTO,Domestic comprehensive wealth index (current US$),NW.DOW.TO.CD,110046119807.344
Tunisia,TUN,Domestic comprehensive wealth index (current US$),NW.DOW.TO.CD,327475875839.939
Turkiye,TUR,Domestic comprehensive wealth index (current US$),NW.DOW.TO.CD,4276245528106.27
Uganda,UGA,Domestic comprehensive wealth index (current US$),NW.DOW.TO.CD,488506778355.996
Ukraine,UKR,Domestic comprehensive wealth index (current US$),NW.DOW.TO.CD,1291359914731.29
United Arab Emirates,ARE,Domestic comprehensive wealth index (current US$),NW.DOW.TO.CD,3110294166908.04
United Kingdom,GBR,Domestic comprehensive wealth index (current US$),NW.DOW.TO.CD,26463292438809.3
United States,USA,Domestic comprehensive wealth index (current US$),NW.DOW.TO.CD,261423694588133
Uruguay,URY,Domestic comprehensive wealth index (current US$),NW.DOW.TO.CD,562959918165.531
Viet Nam,VNM,Domestic comprehensive wealth index (current US$),NW.DOW.TO.CD,3333092318897.75
Zambia,ZMB,Domestic comprehensive wealth index (current US$),NW.DOW.TO.CD,331401140686.221
Zimbabwe,ZWE,Domestic comprehensive wealth index (current US$),NW.DOW.TO.CD,256885072695.369
,,,,
,,,,
,,,,
Data from database: Wealth Accounts,,,,
Last Updated: 10/08/2024,,,,
